category,title,date,content,media,url,thumbnail_link
정치_행정,"[""'집중호우 시작' 인명·시설 피해는 없어…항공기 52편 결항""]",['2024.06.29. 오후 6:46'],"
			중대본 1단계 가동…국립공원, 하천변 등 117곳 통제
	
		
	
[제주=뉴시스] 우장호 기자 = 정체전선이 북상하며 호우특보가 내려진 29일 오후 제주국제공항에 굵은 장맛비가 쏟아지고 있다. 기상청은 제주도 산지에는 시간당 30㎜의 강한 비가 내리는 곳이 있겠고, 비는 점차 전국으로 확대돼 밤부터는 수도권과 강원도에도 비가 내리겠다고 예보했다. 2024.06.29. woo1223@newsis.com[서울=뉴시스] 강지은 기자 = 전라·충청·경상권에 호우특보가 발효됨에 중앙재난안전대책본부(중대본) 1단계가 가동된 29일 항공기 52편이 결항되고, 국립공원 등 곳곳이 통제됐다.29일 행정안전부에 따르면 이날 오후 5시부로 중대본 1단계가 가동되고 호우 위기 경보 수준이 '관심'에서 '주의' 단계로 상향된 가운데, 오후 6시 기준 현재 인명 및 시설 피해는 없는 상황이다.다만 강풍 등으로 항공기 52편이 결항됐다. 김포 10편, 김해 32편, 제주 17편, 울산 2편, 광주 1편, 여수 1편, 사천 1편이다.피해 예방을 위해 주요 시설 곳곳도 통제됐다. 무등산 등 5개 국립공원 168개 구간, 지자체 둔치 주차장 및 하천변, 캠핌장, 해안가 등 117개소가 통제 중이다.기상청에 따르면 저기압과 정체 전선의 영향으로 이날부터 내일까지 수도권 30~100㎜(많은 곳 120㎜ 이상), 강원도 30~100㎜(많은 곳 120㎜ 이상), 충청권 50~100㎜(많은 곳 120㎜ 이상) 등 강하고 많은 비가 내릴 것으로 전망된다.전라권 50~100㎜(많은 곳 150㎜ 이상), 경상권 30~80㎜(많은 곳 100㎜ 이상), 제주도 30~80㎜(많은 곳 120㎜ 이상)이다.이날 중대본 본부장은 이상민 행안부 장관은 이번 호우로 인명 피해가 발생하지 않도록 침수가 우려되는 반지하 주택 등 지하 공간에 거주하는 취약 계층에 대해 사전 대피를 당부하는 등 지시 사항을 전달했다.중대본은 기상 상황을 지속적으로 모니터링 하면서 피해 상황 확인 등 안전 관리를 철저히 할 계획이다． 
		",['뉴시스'],https://n.news.naver.com/mnews/article/003/0012637031,https://mimgnews.pstatic.net/image/upload/office_logo/003/2019/01/23/logo_003_6_20190123191323.jpg
정치_행정,"['""전국 대부분 강한 비"" 중대본 1단계 가동…위기경보 \'주의\' 상향']",['2024.06.29. 오후 5:19'],"
			""반지하 거주 사전 대비…침수우려지역 사전 통제""
	
		
	
[제주=뉴시스] 우장호 기자 = 정체전선이 북상하며 호우특보가 내려진 29일 오후 제주국제공항에 굵은 장맛비가 쏟아지고 있다. 기상청은 제주도 산지에는 시간당 30㎜의 강한 비가 내리는 곳이 있겠고, 비는 점차 전국으로 확대돼 밤부터는 수도권과 강원도에도 비가 내리겠다고 예보했다. 2024.06.29. woo1223@newsis.com[서울=뉴시스] 강지은 기자 = 행정안전부는 전라·충청·경상권에 호우 특보가 발효됨에 따라 29일 오후 5시부로 중앙재난안전대책본부(중대본) 1단계를 가동한다고 밝혔다. 호우 위기 경보 수준은 '관심'에서 '주의' 단계로 상향했다.기상청에 따르면 저기압과 정체 전선의 영향으로 이날부터 내일까지 수도권 30~100㎜(많은 곳 120㎜ 이상), 강원도 30~100㎜(많은 곳 120㎜ 이상), 충청권 50~100㎜(많은 곳 120㎜ 이상) 등 강하고 많은 비가 내릴 것으로 전망된다.전라권 50~100㎜(많은 곳 150㎜ 이상), 경상권 30~80㎜(많은 곳 100㎜ 이상), 제주도 30~80㎜(많은 곳 120㎜ 이상)이다.이에 따라 중대본 본부장인 이상민 행안부 장관은 이번 호우로 인명 피해가 발생하지 않도록 침수가 우려되는 반지하 주택 등 지하 공간에 거주하는 취약 계층에 대해 사전 대피를 당부했다.또 지하차도와 둔치 주차장, 하상도로 등 침수가 우려되는 지역을 선제적으로 통제하고, 통제 및 우회 정보를 적극적으로 안내하도록 했다.아울러 급경사지 등 사면붕괴 우려지역, 축대·옹벽 등에 대해 예찰을 강화하고, 기상 상황과 국민행동요령 등 안전 수칙을 국민에게 적극 홍보할 것을 지시했다.이 장관은 ""정부는 중대본을 중심으로 철저한 대비와 비상대응 체계를 유지하는 등 안전 관리에 만전을 기하겠다""며 ""국민 여러분도 산지 계곡, 하천변, 저지대 등 위험지역 방문을 자제해 개인 안전에 유의해달라""고 말했다． 
		",['뉴시스'],https://n.news.naver.com/mnews/article/003/0012637008,https://mimgnews.pstatic.net/image/upload/office_logo/003/2019/01/23/logo_003_6_20190123191323.jpg
정치_행정,"['민주당 광주시당, 광주시의회 의장 후보로 신수정 선출']",['2024.06.29. 오후 4:07'],"
			
	
		
	
신수정 광주시의원[광주시의회 제공.재판매 및 DB금지]    (광주=연합뉴스) 형민우 기자 = 더불어민주당 광주시당은 29일 제9대 광주시의회 후반기 의장 후보로 신수정 의원을 선출했다.    민주당 광주시당은 이날 시당에서 비공개로 후반기 의장단 후보를 선출했다.    의장 후보를 뽑기 위한 경선에는 5명이 출마했으며 재선인 신 의원이 1위를 차지했다.    제1부의장은 서용규 의원, 제2부의장은 채은지 의원이 후보로 뽑혔다.    상임위원장에는 정다은 의원이 의회운영위원장에, 안평환 의원은 행정자치위원장에 도전하게 된다.    최지현 의원은 환경복지위원장, 박필순 의원은 산업건설위원장, 명진 의원은 교육문화위원장 후보로 뛰게 됐다.    의장단 후보는 오는 7월 1∼3일 본선 후보자 신청을 거쳐 7월 8일 본선을 치른다.    광주시의회는 전체 의원 23명 중 민주당 21명·국민의힘 1명·무소속 1명으로 다수당인 민주당 경선이 의장 선출을 결정할 것으로 보인다.    다만, 본선에서 국민의힘 소속인 김용임(비례) 의원이 의장 출마를 고심하고 있어 1대 1 대결이 펼쳐질 가능성도 있다.     minu21@yna.co.kr
		",['연합뉴스'],https://n.news.naver.com/mnews/article/001/0014777465,https://mimgnews.pstatic.net/image/upload/office_logo/001/2020/09/15/logo_001_6_20200915184213.png
정치_행정,"['신원식 ""적 완전히 수장시킬 것""…제2연평해전 승전 22주년']",['2024.06.29. 오후 3:15'],"
			
	
		
	
신원식 국방장관이 29일 오전 경기도 평택시 해군 제2함대사령부에서 열린 '제2연평해전 승전 22주년 기념식'에서 기념사를 하고 있다. 연합뉴스    신원식 국방부 장관은 29일 제2연평해전 승전 22주년 기념식에서 ""우리 군은 적이 또다시 도발한다면 즉·강·끝 원칙으로 단호히 응징할 것""이라며 ""적을 완전히 수장시키겠다""고 강조했다.신 장관은 이날 2함대사령부 제2연평해전 전승비 앞에서 거행된 '제2연평해전 승전 22주년 기념식'에 참석해 이같이 말했다.신 장관은 ""조국의 바다를 수호하다 호국의 별이 되신 여섯 영웅의 명복을 빈다""며 고(故) 윤영하 소령, 고 한상국 상사, 고 조천형 상사, 고 황도현 중사, 고 서후원 중사, 고 박동혁 병장 등을 호명했다.신 장관은 이어 ""북한은 22년 전의 뼈저린 패배를 망각하고 있다. 북방한계선 NLL을 '유령선'이라고 주장하고 우리 함정에 무력을 행사하겠다고 위협한다""며 ""제2연평해전 영웅들의 호국의지를 이어받아 대한민국의 바다를 반드시 사수할 것""이라고 역설했다.윤석열 대통령도 이날 페이스북에 ""2002년 6월 29일, 우리 해군은 NLL을 기습 침범한 북한군을 물리치고 우리의 바다를 지켜냈다""며 ""순국 영웅과 참수리 357호 참전용사들의 숭고한 희생을 우리 국민들은 영원히 기억할 것""이라고 밝혔다.제2연평해전은 2002년 6월 29일 연평도 인근 해상 NLL에서 벌어진 남북간 군사 충돌사건으로, 당시 교전으로 승무원 6명이 전사하고 18명이 부상을 당했다. 우리 해군 참수리 357정이 북한군의 선제공격으로 교전이 끝난 뒤 예인 과정에서 침몰했으나 북한군 역시 초계정 '등산곶 제684호'가 반파돼 예인됐다. 북한군 인명피해는 전사 13명, 부상 25명 등 우리 군보다 컸다.  
	
		
	
29일 오전 경기도 평택시 해군 제2함대사령부에서 열린 '제2연평해전 승전 22주년 기념식'에서 신원식 국방부 장관이 헌화 및 분향을 마친 후 경례하고 있다. 연합뉴스     
		",['디지털타임스'],https://n.news.naver.com/mnews/article/029/0002883786,https://mimgnews.pstatic.net/image/upload/office_logo/029/2020/08/07/logo_029_6_20200807185910.png
정치_행정,"['제2연평해전 승전 22주년 기념식…신원식 ""적 도발시 완전 수장""(종합)']",['2024.06.29. 오후 2:20'],"
			윤석열 ""참전용사 숭고한 희생 영원히 기억""국방장관·보훈장관·정치인 등 300여명 참석국방장관, 기념사에서 NLL 수호 의지 드러내
	
		
	
[평택=뉴시스] 김종택 기자 = 신원식 국방부장관이 29일 경기 평택시 해군 제2함대사령부에서 열린 '제2연평해전 승전 22주년 기념식'에서 기념사를 하고 있다. (공동취재) 2024.06.29. photo@newsis.com[서울=뉴시스] 옥승욱 기자 = 신원식 국방부 장관은 제2연평해전 승전 22주년 기념식에서 적이 또 한번 도발하면 강력 응징하겠다고 밝혔다.해군은 29일 2함대사령부 제2연평해전 전승비 앞에서 '제2연평해전 승전 22주년 기념식'을 거행했다.김경철(소장) 2함대사령관 주관으로 열린 승전 기념식에는 제2연평해전 전사자 유가족, 참전장병을 비롯해 신원식 국방부장관, 강정애 국가보훈부장관, 양용모 해군참모총장, 여·야 국회의원 및 정치인, 유관기관·단체장, 군 주요직위자와 장병 및 군무원 등 300여명이 참석했다. 신원식 장관은 이날 기념사에서 ""조국의 바다를 수호하다 호국의 별이 되신 여섯 영웅의 명복을 빈다""며 ▲고(故) 윤영하 소령 ▲고 한상국 상사 ▲고 조천형 상사 ▲고 황도현 중사 ▲고 서후원 중사 ▲고 박동혁 병장 등 이들 한명 한명을 호명했다.신 장관은 이어 ""북한은 22년 전의 뼈저린 패배를 망각하고 있다""며 ""북방한계선 NLL을 ‘유령선’이라고 주장하고 우리 함정에 무력을 행사하겠다고 위협한다""고 비판했다.아울러 ""우리 군은 적이 또다시 도발한다면 즉·강·끝 원칙으로 단호히 응징할 것""이라며 ""적을 완전히 수장시키겠다""고 강조했다. 신 장관은 ""제2연평해전 영웅들의 호국의지를 이어받아 대한민국의 바다를 반드시 사수할 것""이라며 NLL 수호에 대한 강한 의지를 드러냈다.윤석열 대통령도 이날 오전 페이스북을 통해 ""2002년 6월 29일, 우리 해군은 NLL을 기습 침범한 북한군을 물리치고 우리의 바다를 지켜냈다""며 ""순국 영웅과 참수리 357호 참전용사들의 숭고한 희생을 우리 국민들은 영원히 기억할 것""이라고 밝혔다. 제2연평해전은 2002년 6월 29일 연평도 인근 해상 NLL에서 벌어진 남북간 군사 충돌사건이다. 당시 교전으로 승무원 6명이 전사하고 18명이 부상을 당하는 인명피해를 입었다. 우리 해군 참수리 357정도 북한군의 선제공격으로 교전이 끝난 뒤 예인 과정에서 침몰했다.북한군 역시 초계정 '등산곶 제684호'가 반파돼 예인됐다. 인명피해 또한 전사 13명, 부상 25명 등 우리 군보다 컸던 것으로 알려졌다.
	
		
	
[평택=뉴시스] 김종택 기자 = 신원식 국방부 장관이 29일 경기도 평택시 해군 제2함대 사령부에서 열린 제2연평해전 승전 22주년 기념식에서 해전 영웅들의 얼굴 부조상을 어루만지고 있다. (공동취재) 2024.06.29. photo@newsis.com 
		",['뉴시스'],https://n.news.naver.com/mnews/article/003/0012636941,https://mimgnews.pstatic.net/image/upload/office_logo/003/2019/01/23/logo_003_6_20190123191323.jpg
정치_행정,"['리튬배터리 \'관리 사각지대\' 지적에도…""위험물 지정 어렵다"" 왜?']",['2024.06.29. 오후 2:00'],"
			위험물 지정 시 고강도 규제…""현실적으로 불가능""'특수가연물' 지정하면 보관 수량·적재 제한 가능
	
		
	
[대구=뉴시스] 이무열 기자 = 지난 27일 대구 서구 가드케이 대구공장에서 열린 ‘리튬 배터리 화재 전용 소화장치 시연’에 앞서 원통형 리튬 배터리에 열폭주 현상이 발생하고 있다. 2024.06.27. lmy@newsis.com[세종=뉴시스]성소의 기자 = 31명의 사상자를 낳은 화성 공장 화재를 계기로 리튬배터리가 소방당국의 관리 사각지대에 있었다는 사실이 드러났지만 소방당국은 리튬 배터리를 위험물로 지정하기 어렵다는 입장을 밝혔다. 29일 소방청에 따르면 이번 화성 아리셀 리튬배터리 공장 화재사건의 원인이 된 리튬 배터리는 위험물안전관리법에 따른 위험물로 지정돼있지 않다. 위험물안전관리법에서 말하는 위험물은 불에 잘 붙거나 자기 스스로 불을 쉽게 일으킬 수 있는 성질을 갖는 물품을 말한다. 위험물로 지정되면 제조부터 저장, 취급, 운반 전반에 안전관리 규제가 적용된다. 예를 들어 위험물 제조업체에서는 법에서 정한 화재예방 규정을 마련해서 관할 지방자치단체에 제출해야 하고 의무적으로 정기점검과 정기검사를 받아 그 결과를 지자체에 보고해야 한다. 제조업체마다 위험물 안전관리 직무를 수행하는 '위험물안전관리자'도 선임해야 하며 운반이나 운송 과정에서도 위험물 분야 자격을 취득하는 등 요건을 갖춘 운전자만 위험물을 옮길 수 있다.이렇듯 위험물로 지정되면 고강도의 규제가 따라붙게 되는데, 물과 접촉하면 폭발하기 쉬운 금수성 물질인 리튬의 경우 제3류 위험물로 지정돼 안전관리가 이뤄지고 있다.반면 완제품인 리튬 배터리는 그렇지 않다.  가공된 제품까지 위험물로 규제하면 관련 업체들의 비용과 부담이 불어나게 된다는 이유에서다. 이렇다 보니 리튬배터리는 보관 방법과 관리 수량 등에 대한 제한이 별도로 없는 실정이다.이 같은 관리 사각지대가 피해를 키웠다는 지적이 잇따랐지만 소방당국은 리튬 배터리를 위험물로 지정하는 것은 현실적으로 어렵다는 입장이다. 소방청 관계자는 ""완제품을 위험물로 지정하는 것은 현실적으로 불가능한 얘기""라며 ""보관 방법부터 복잡한 규제가 적용되는데, 위험물로 지정되면 업체가 제품을 생산하는 데 굉장한 어려움이 따르게 될 뿐만 아니라 일반 국민들이 사용하는 것도 불편해질 수 밖에 없다""고 말했다.  전문가들도 리튬배터리와 같은 완제품을 위험물로 지정해 관리하는 것이 어렵다는 소방당국의 입장이 틀리진 않다고 말한다. 현재의 위험물 관리체계는 원재료나 화학물질 위주로 짜여져있어 제조나 가공을 거친 제품을 위험물로 지정하는 것은 체계상 맞지 않다는 것이다. 리튬배터리처럼 위험성이 큰 완제품이라 하더라도 원재료를 관리하는 수준으로 규제하는 것이 쉽지 않다는 의견도 있다. 제조와 취급 단계까지는 관리 대상이 적어 규제가 가능할 순 있으나 제품들이 뿔뿔이 흩어지는 유통·판매 단계에서부터는 규제하는 데 현실적으로 한계가 뒤따른다는 것이다. 이영주 경일대 소방방재학부 교수는 ""위험물이라는 건 대부분 원재료, 물질에 관한 것이라 제품화된 것들은 위험물의 범주에 넣어 관리하기 어렵다""며 ""원재료 정도로 규제를 한다고 해도 제품이 거쳐가는 곳마다 따라다니며 관리를 해야 하는데 사실상 불가능하다""고 말했다.
	
		
	
[화성=뉴시스] 김종택 기자 = 지난 25일 오전 경기도 화성시 서신면 소재 일차전지 제조업체 공장 화재 현장에서 소방대원들이 수색 작업을 하고 있다. (공동취재) 2024.06.25. photo@newsis.com문제는 이번 참사를 계기로 확인된 리튬 배터리의 위험성에 비해 관리 체계가 미비하다는 점이다. 전문가들은 리튬배터리를 '특수가연물'로 지정해 관리하는 방안을 고려해볼 법하다고 얘기한다. 특수가연물이란 쉽게 말해 위험물보다는 위험하진 않으나 일반 가연물로 두기에는 화재 위험성이 큰 물질로 석탄, 나무껍질, 볏집 등이 특수가연물에 해당한다. 특수가연물로 지정되면 물품의 저장·취급 장소의 관리 수량을 제한할 수 있다.화재에 대비해 물품들을 소분해서 보관하도록 하거나 충분한 이격거리를 두도록 하는 식으로 제품의 보관, 적재 방법 등도 규제할 수 있다. 이번 화성 참사를 보면 열 폭주를 일으킬 수 있는 리튬배터리 3만5000여개가 겹겹이 쌓여 보관돼있던 탓에 폭발력이 커지고 화재 진압이 지연됐는데, 소분 보관만 이뤄졌더라도 피해 규모를 줄일 수 있었다는 게 전문가들의 공통된 의견이다. 이영주 교수는 ""배터리 자체가 위험하기 때문에 불이 안 날 순 없다""며 ""다만 이번처럼 제품들이 많이 모여있는 경우에 불이 났을 때 더 큰 화재로 이어지지 않게 조금씩 나눠 보관하도록 한다 거나, 보관하는 양 자체를 줄이는 것이 필요한데 이는 특수가연물로 그나마 가능성이 있을 것 같다""고 말했다. 인세진 우송대 소방방재학과 교수도 ""원론적인 이야기지만 많이 갖다 놓으면 안 되고 조금씩 소분해서 갖다 놓는 등 기본적인 것부터 지켜야 한다""며 ""소방 점검이나 행정지도를 강화하는 방안도 생각해볼 수 있다""고 말했다． 
		",['뉴시스'],https://n.news.naver.com/mnews/article/003/0012636927,https://mimgnews.pstatic.net/image/upload/office_logo/003/2019/01/23/logo_003_6_20190123191323.jpg
정치_행정,"[""與 당권주자들, 제2연평해전 기념식서 '안보감수성' 호소""]",['2024.06.29. 오후 1:49'],"
			나경원 충청, 원희룡 인천, 윤상현 대구서 당심 공략(서울=연합뉴스) 류미나 기자 = 국민의힘 차기 당권주자인 나경원·원희룡·한동훈 후보는 29일 경기 평택 제2함대 사령부에서 열린 제2연평해전 승전 기념식에 나란히 참석했다.    이들은 ""정권과 진영에 안보가 흔들려서는 안 된다""(나경원), ""젊은 국군장병들이 목숨을 바쳐가며 나라를 지켰다""(원희룡), ""영웅들을 더 많이 기억하는 나라를 만들겠다""(한동훈)며 국가 안보와 보훈 정신을 강조했다.    자체 핵무장론을 처음 꺼냈던 나 후보는 페이스북에서 ""제2연평해전 승전기념식 참석 내내 적의 무모한 도발 의지를 꺾는 압도적 억제 수단을 고민했다""고 말했다.    한 후보는 페이스북에서 제2연평해전에서 전사한 고(故) 한상국 상사 등을 기리는 동화책 출간 소식을 전했다. 한 상사의 배우자는 한 후보 캠프 후원회장을 맡고 있다.    나 후보는 충남 지역 5개 당협과 도당 사무실을 누비며 당원들과 만남을 이어갈 예정이다. 원 후보는 자신의 지역구가 속한 인천 계양갑·을 지역 합동 간담회를 연다. 윤상현 후보 역시 당의 핵심 지지기반인 대구에 머무르며 7개 당협에서 간담회를 연다.    나 후보는 이명박 전 대통령을 예방하면서 ""당의 뿌리가 흔들리는 것 같다""고 조언을 구했고, 이 전 대통령은 당정 간 분열 자제를 당부했다고 나 후보는 전했다. 당 정체성, 당정관계 문제 등을 부각하며 경쟁자인 한 후보를 견제한 것이라는 해석이 나왔다.    원 후보는 페이스북에 제2연평해전 희생장병들을 추모하는 글을 올리며 ""민주당은 하루가 멀다 하고 황당한 일들을 벌이고 있다. '묻지마 특검'에 이어 등장한 전 국회의장 회고록, 대통령 탄핵 청원, 한동훈 특검…""이라고 썼다.
	
		
	
국민의힘 당권주자들[연합뉴스 자료사진]    minaryo@yna.co.kr
		",['연합뉴스'],https://n.news.naver.com/mnews/article/001/0014777406,https://mimgnews.pstatic.net/image/upload/office_logo/001/2020/09/15/logo_001_6_20200915184213.png
정치_행정,"['제2연평해전 승전 22주년 기념식…신원식 ""적 도발시 완전 수장""']",['2024.06.29. 오후 12:17'],"
			국방장관·보훈장관·정치인 등 300여명 참석 국방장관, 기념사에서 NLL 수호 의지 드러내
	
		
	
[연평도=뉴시스] 김근수 기자 = 제2연평해전 22주년을 이틀 앞둔 27일 오전 인천 옹진군 대연평도 평화공원에 제2연평해전 전사자의 부조가 설치돼 있다. 2024.06.27. ks@newsis.com[서울=뉴시스] 옥승욱 기자 = 신원식 국방부 장관은 제2연평해전 승전 22주년 기념식에서 적이 또 한번 도발하면 강력 응징하겠다고 밝혔다.해군은 29일 2함대사령부 제2연평해전 전승비 앞에서 '제2연평해전 승전 22주년 기념식'을 거행했다.김경철(소장) 2함대사령관 주관으로 열린 승전 기념식에는 제2연평해전 전사자 유가족, 참전장병을 비롯해 신원식 국방부장관, 강정애 국가보훈부장관, 양용모 해군참모총장, 여·야 국회의원 및 정치인, 유관기관·단체장, 군 주요직위자와 장병 및 군무원 등 300여명이 참석했다. 신원식 장관은 이날 기념사에서 ""조국의 바다를 수호하다 호국의 별이 되신 여섯 영웅의 명복을 빈다""며 ▲고(故) 윤영하 소령 ▲고 한상국 상사 ▲고 조천형 상사 ▲고 황도현 중사 ▲고 서후원 중사 ▲고 박동혁 병장 등 이들 한명 한명을 호명했다. 신 장관은 ""북한은 22년 전의 뼈저린 패배를 망각하고 있다""며 ""북방한계선 NLL을 ‘유령선’이라고 주장하고 우리 함정에 무력을 행사하겠다고 위협한다""고 말했다. 이어 ""우리 군은 적이 또다시 도발한다면 즉·강·끝 원칙으로 단호히 응징할 것""이라며 ""적을 완전히 수장시키겠다""고 경고했다. 신 장관은 ""제2연평해전 영웅들의 호국의지를 이어받아 대한민국의 바다를 반드시 사수할 것""이라며 NLL 수호에 대한 강한 의지를 드러냈다. 제2연평해전은 2002년 6월 29일 연평도 인근 해상 NLL에서 벌어진 남북간 군사 충돌사건이다. 당시 교전으로 승무원 6명이 전사하고 18명이 부상을 당하는 인명피해를 입었다. 우리 해군 참수리 357정도 북한군의 선제공격으로 교전이 끝난 뒤 예인 과정에서 침몰했다.북한군 역시 초계정 '등산곶 제684호'가 반파돼 예인됐다. 인명피해 또한 전사 13명, 부상 25명 등 우리 군보다 컸던 것으로 알려졌다． 
		",['뉴시스'],https://n.news.naver.com/mnews/article/003/0012636818,https://mimgnews.pstatic.net/image/upload/office_logo/003/2019/01/23/logo_003_6_20190123191323.jpg
정치_행정,"['경기도, 29일 저녁 8시부터 재난안전대책본부 비상 1단계 가동···김동연, 총력 대응 지시']",['2024.06.29. 오후 12:10'],"
			신속한 상황판단, 의사결정으로 재난 상황관리·대응 지시
	
		
	
경기도청 전경29일 장마전선의 북상으로 경기도 전역에 많은 비가 예보된 가운데 김동연 경기도지사가 집중호우로 인명이나 재산 피해가 발생하지 않도록 시군과 관련 부서에 총력 대응을 지시했다.경기도는 지난 28일 밤 이런 내용을 담은 집중호우 대비 도지사 특별 지시 사항을 각 시군에 통보했다.김 지사는 특별 지시를 통해 ▲부단체장 중심으로 재난 상황 관리, 취약지역 사전 대비 및 현장 대응 철저 ▲경찰‧소방과 공조하여 선제적 위험지역(하천, 산사태, 지하공간 등) 통제, 주민대피 실시로 인명피해가 발생하지 않도록 현장 조치 강화 ▲위험 발생 예상 지역은 재난홍보를 강화하고 반지하 주택, 산사태 인근 재해 취약 계층에 대해서는 안부 전화 등으로 집중 관리 등을 당부했다.이에 따라 경기도는 29일 오후 2시부터 초기 대응 단계에 들어가는 한편, 저녁 8시부터 재난안전대책본부 비상 1단계를 가동해 집중호우에 대응할 계획이다.도는 장마에 대비해 지난 24일부터 산사태, 급경사지, 반지하 주택 등 취약지역을 점검하고 재해 취약계층에 대한 안부 전화와 취약 시설 담당자에 대한 비상 연락망을 정비했다.도는 특보 발효가 예상되는 12시간 전부터 하천 산책로 출입구와 세월교 입구에 안전 차단선을 설치해 출입을 통제하도록 각 시군에 전달할 예정이다. 또, 침수 방지시설이 설치되지 않은 반지하 주택에 임시 물막이판, 모래주머니 등 수방 자재를 꼼꼼하게 설치할 것을 당부하는 등 집중호우에 대비하고 있다.한편, 경기도는 이번 여름철 풍수해에 대비해 지난 3월부터 관계기관과 사전 TF를 구성하여 사전 대책을 추진했다. 5월에는 경기도 재난안전대책본부 구성·운영 조례 개정을 통해 부서별 자체상황실 운영, 비상근무 기준을 강화하는 등 여름철 자연 재난 대응력을 강화했다.
		",['서울신문'],https://n.news.naver.com/mnews/article/081/0003461220,https://mimgnews.pstatic.net/image/upload/office_logo/081/2022/01/07/logo_081_6_20220107180811.png
정치_행정,"['경콘진-5.18민주화운동기록관, 상호 교류 협력 협약 체결']",['2024.06.29. 오후 12:02'],"
			5.18 민주화운동 기록물 활용, 콘텐츠 공동 개발 등 협력 기대
	
		
	
경기콘텐츠진흥원과 5.18민주화운동기록관이 26일 경기창조센터에서 상호 교류 협력 협약을 체결했다(경콘진 제공)경기콘텐츠진흥원(원장 탁용석, 이하 경콘진)과 5.18민주화운동기록관(관장 김호균)이 상호 교류 협력을 위한 협약을 26일 체결했다.이번 협약은 양 기관이 보유한 기록물을 공유하고, 정책 교류 및 인적 교류를 통해 콘텐츠 창작을 활성화하기 위해 추진됐다.경콘진은 협약을 통해 5.18민주화운동기록관이 보유한 주요 기록물을 활용한 콘텐츠 개발과 융복합 콘텐츠 제작을 공동으로 수행한다. 또 상호 공동협력과 발전에 필요한 사항 등을 논의해 나갈 예정이다.또한 경콘진에서 운영하는 시나리오 작가 육성 사업인 ‘경기 스토리작가 창작소’ 소속 작가가 5.18 민주화운동과 관련된 집필 소재가 필요할 경우 5.18민주화운동기록관이 보유한 중요 자료를 제공받을 수 있게 되었다.5.18 민주화운동은 다양한 형태의 콘텐츠로 제작되고 있다. 대표적인 영화는 <꽃잎>, <화려한 휴가>, <26년>, <택시운전사> 등이 있다. 2011년 5월에는 관련 기록물이 유네스코 세계기록유산에 등재되는 등 대한민국 근현대사에서 역사적 가치를 인정받고 있다.
		",['서울신문'],https://n.news.naver.com/mnews/article/081/0003461219,https://mimgnews.pstatic.net/image/upload/office_logo/081/2022/01/07/logo_081_6_20220107180811.png
정치_행정,"[""한미일, 첫 다영역훈련 '프리덤 에지' 종료…미사일 대응 강화""]",['2024.06.29. 오전 10:07'],"
			해상미사일 방어·대잠전훈련 등 총 7개 훈련 실시3국 다양한 전력 참가…수상·수중·공중 대응능력 강화
	
		
	
[서울=뉴시스] 28일 제주 남방 공해상에서 열린 한미일 첫 다영역 연합훈련 '프리덤 에지'에서 슈퍼호넷이 미 핵항공모함 루스벨스함에서 이륙하고 있다. (사진=미 해군 제공) 2024.06.29.   *재판매 및 DB 금지[서울=뉴시스] 옥승욱 기자 = 지난 27일부터 시작된 최초의 한미일 다영역 훈련인 프리덤 에지(Freedom Edge)가 3일간의 일정을 마치고 이날 오후 종료된다. 합동참모본부에 따르면 한미일은 6월 27~29일 제주 남방 공해상에서 다양한 영역의 한미일 훈련인 ‘프리덤 에지’ 훈련을 최초로 시행했다.‘프리덤 에지’는 한미일이 3국간 상호운용성을 증진시켜 나가고 한반도를 포함한 인도-태평양 지역의 평화·안정을 위해 자유를 수호해 나가겠다는 의지를 담은 훈련이다. 한미연합훈련인 '프리덤 실드'와 미일연합훈련인 '킨 에지'를 조합해 만든 명칭이다. 이번 훈련에서 한국은 이지스구축함 서애류성룡함, 구축함 강감찬함, 해상초계기(P-3), 해상작전헬기(Lynx), KF-16 전투기가 참가했다.미국은 항공모함인 루스벨트함을 비롯해 이지스구축함인 할시함과 이노우에함, 해상초계기(P-8), 함재기(F/A-18), 조기경보기(E-2D), 헬기(MH-60)가 참가했다. 일본은 구축함 이세함, 이지스구축함 아타고함, 해상초계기(P-1)가 참가했다.한미일은 최근 북한의 잇단 도발과 러북 군사협력 등 한반도와 주변지역 긴장이 고조되는 가운데, 대잠전훈련을 시작으로 총 7개 훈련을 시행했다. 7개 훈련은 해상미사일 방어훈련, 대잠전훈련, 방공전훈련, 공중훈련, 수색 및 구조훈련, 해양차단훈련, 사이버방어훈련이다. 3국은 이번 훈련을 통해 상호운용성을 제고하고 고도화되는 북 핵·미사일 위협에 대한 억제 및 대응 능력을 향상시켰다. 합참은 ""이번 훈련에는 3국의 다양한 전력을 활용해 수상, 수중, 공중 위협에 대한 대응 능력을 강화했다""며 ""사이버 위협에 대응해 최초로 사이버 방어훈련을 했다는 점에서 의의가 있다""고 평가했다. 이어 ""높은 파도와 비 등 궂은 날씨 가운데서도 3국의 계획된 전력이 참여해 훈련을 성공적으로 마쳤다""며 ""3국 안보협력 발전에 대한 굳건한 의지를 보여줬다""고 강조했다． 
		",['뉴시스'],https://n.news.naver.com/mnews/article/003/0012636717,https://mimgnews.pstatic.net/image/upload/office_logo/003/2019/01/23/logo_003_6_20190123191323.jpg
정치_행정,"['한미일 연합훈련 \'프리덤 에지\' 마무리…""北위협 억제력 향상""']",['2024.06.29. 오전 9:57'],"
			
	
		
	
한미일 첫 다영역 연합훈련 '프리덤 에지'(서울=연합뉴스) 28일 제주 남방 공해상에서 열린 한미일 첫 다영역 연합훈련 '프리덤 에지' 슈퍼호넷 모습.    프리덤 에지는 해상, 수중, 공중, 사이버 등 다영역에서 실시되는 정례 훈련이다. 한미연합훈련인 '프리덤 실드'와 미일연합훈련인 '킨 에지'를 합성해 만든 명칭이다. 2024.6.28 [미 해군 시어도어 루스벨트함 제공] photo@yna.co.kr    (서울=연합뉴스) 김준태 기자 = 한미일이 지난 27일부터 제주 남방 공해상에서 진행한 다영역 연합훈련 '프리덤 에지'가 29일 오후 마무리된다고 합동참모본부가 밝혔다.    한미일은 프리덤 에지를 통해 대잠전훈련, 해상미사일 방어훈련, 방공전훈련, 공중훈련, 수색 및 구조훈련, 해양차단훈련, 사이버방어훈련 등 7가지 훈련을 진행했다.    합참은 ""한미일 3국은 프리덤 에지를 통해 북핵·미사일 위협에 대한 억제 및 대응능력을 향상시켰다""며 ""사이버 위협에도 대응해 최초로 3국이 함께 사이버 방어훈련을 진행했다는 점에서도 의의가 있다""고 설명했다.    프리덤 에지는 해상, 수중, 공중, 사이버 등 여러 영역에서 실시되는 정례 훈련으로, 이번에 처음 진행됐다.    한미연합훈련인 '프리덤 실드'와 미일연합훈련인 '킨 에지'의 명칭을 합성해 만든 것으로 한미동맹과 미일동맹을 토대로 한미일 군사협력을 한 단계 더 발전시킨다는 의미를 담고 있다.    작년 8월 미국 캠프데이비드에서 열린 3국 정상회의에서 다영역 훈련을 시행하기로 했고, 한미일 국방장관은 이달 초 싱가포르에서 열린 샹그릴라대화 계기 3국 회담에서 프리덤 에지 실시에 합의했다.    readiness@yna.co.kr
		",['연합뉴스'],https://n.news.naver.com/mnews/article/001/0014777264,https://mimgnews.pstatic.net/image/upload/office_logo/001/2020/09/15/logo_001_6_20200915184213.png
정치_행정,"['흔들리는 바이든…미 유권자 49% ""바이든 대신 다른 후보 내세워야""']",['2024.06.29. 오전 9:44'],"
			미국 유권자의 절반가량이 오는 11월 치르는 미국 대선에서 민주당이 조 바이든 대통령이 아닌 다른 후보를 내세워야 한다고 생각한다는 여론조사 결과가 나왔다. 28일(현지시간) 여론조사 기관인 유거브가 미국 성인 2648명을 대상으로 실시한 설문조사 결과에서 '민주당이 대선 승리 가능성을 높이려면 누구를 후보로 지명해야 하는가'라는 질문에 응답자중 30%만 바이든 대통령을 택했다. 절반에 가까운 49%는 바이든 대통령이 아닌 '다른 사람'이 후보가 돼야 한다고 답했다. '잘 모르겠다'는 22%였다.공화당 후보를 묻는 질문에는 '도널드 트럼프 전 대통령'을 택한 응답이 44%로 가장 높았다. '다른 사람'은 38%, '잘 모르겠다'는 18%였다.바이든 대통령에 대한 지지가 하락한 원인으로는 여론조사는 전날 열린 첫 대선 TV 토론이 지목되고 있다. 바이든 대통령은 토론이 진행되는 동안 쉰 목소리로 말을 더듬거나 웅얼거렸고, 맥락에 맞지 않는 발언을 하기도 했다. 토론 중간에는 말을 이어가지 못하는 모습까지 보였다.TV 토론회 이후 바이든 대통령이 트럼프 전 대통령에게 '참패'했다는 평가가 이어졌다. 이 때문에 바이든 대통령의 81세 고령으로 인한 건강과 인지력 논란이 커졌다. 민주당 내부에서는 후보 교체론까지 나오고 있다. 각종 온라인 베팅·예측시장 사이트에서도 바이든의 재선 가능성은 하락했다.미국 케이블TV 뉴스채널인 폭스비즈니스는 정치 이벤트 예측시장 사이트인 '프레딕트잇'에서 바이든 전 대통령 주가는 토론 전 주당 48센트였다가 토론 후 29센트까지 떨어졌다. 28일 오전에는 30센트 선에 머물고 있다.반면 트럼프 전 대통령은 토론 전 53센트에서 토론 후 58센트로 올랐다.여러 베팅·예측시장 사이트의 실시간 확률을 평균해서 보여주는 '일렉션베팅오즈'에서도 바이든 대통령의 대선 승리 확률은 토론 직전 36%에서 토론 종료 3시간 후 22%로 떨어졌고, 트럼프 전 대통령의 당선 가능성은2.7%포인트 오른 58%였다. 또 바이든 대통령이 중도에 하차할 경우 대안으로 거론되는 개빈 뉴섬 캘리포니아 주지사의 대통령 당선 가능성은 6.3%에서 한때 10%대까지 올랐다고 영국 파이낸셜타임스(FT)가 전했다. 
	
		
	
조 바이든 대통령(오른쪽)과 도널드 트럼프 전 대통령이 27일(현지시간) 조지아주 애틀랜타 CNN 스튜디오에서 첫 TV 토론을 하고 있다. 연합뉴스     
		",['디지털타임스'],https://n.news.naver.com/mnews/article/029/0002883768,https://mimgnews.pstatic.net/image/upload/office_logo/029/2020/08/07/logo_029_6_20200807185910.png
정치_행정,"['尹, 제2연평해전 승전기념일에 ""평화는 힘으로 지키는 것""']",['2024.06.29. 오전 9:24'],"
			
	
		
	
제2연평해전 전승비 찾은 윤석열 대통령(평택=연합뉴스) 진성철 기자 = 윤석열 대통령이 제9회 서해수호의날 기념식이 열린 22일 경기도 평택 소재 해군 제2함대사령부에서 제2연평해전 전승비를 찾아 참배하고 있다.   2024.3.22  [대통령실 제공. 재판매 및 DB 금지] zjin@yna.co.kr(서울=연합뉴스) 곽민서 기자 = 윤석열 대통령은 제2연평해전 승전 기념일인 29일 ""평화는 말이 아닌 강력한 힘으로 지키는 것""이라고 밝혔다.    윤 대통령은 이날 페이스북에서 ""더 강한 국군, 더 강한 대한민국을 만들어 영웅들의 희생에 보답하겠다""며 이같이 밝혔다.    윤 대통령은 제2연평해전에서 전사한 고(故) 윤영하 소령, 고 한상국 상사, 고 조천형 상사, 고 황도현 중사, 고 서후원 중사, 고 박동혁 병장을 한 명 한명 거명하며 ""여섯 분의 순국 영웅과 참수리 357호 참전용사들의 숭고한 희생을 우리 국민들은 영원히 기억할 것""이라고 강조했다.    제2연평해전은 2002년 6월 29일 북한 경비정 2척이 서해 북방한계선(NLL)을 침범해 한국 해군의 참수리 357호정에 기습공격을 가해 발생했다.    참수리 357호정 장병들은 적의 기습공격에도 즉각적인 대응으로 서해 NLL을 사수했다.    mskwak@yna.co.kr
		",['연합뉴스'],https://n.news.naver.com/mnews/article/001/0014777244,https://mimgnews.pstatic.net/image/upload/office_logo/001/2020/09/15/logo_001_6_20200915184213.png
정치_행정,"['여당 과반 부산 동래구의회, 의장·부의장은 모두 야당']",['2024.06.29. 오전 9:20'],"
			
	
		
	
동래구의회[홈페이지 캡처. 재판매 및 DB 금지 캡처]    (부산=연합뉴스) 차근호 기자 = 국민의힘 기초의원들이 다수를 차지하고 있는 부산 동래구의회에서 의장과 부의장에 모두 야당이 선출되며 눈길을 끈다.    29일 동래구의회에 따르면 구의회 후반기 의장단 선거에서 의장은 민주당 탁영일 의원이, 부의장은 새로운미래 천병준 의원이 당선됐다.    탁 의장 당선인은 재적의원 14명 중 9표를 받아 당선됐고, 천 부의장 당선인은 11표를 받았다.     동래구의회는 재적 의원 중 8명이 국민의힘 소속으로 다수 의석을 차지하고 있다.     민주당은 5명, 새로운 미래는 1명이다.     이런 선거 결과는 국민의힘의 내분 때문으로 알려졌다.     하반기 의장에 국민의힘 소속 의원 두 명이 출마의 의지를 나타내며 갈등을 빚었다.     그러던 중 양측이 합의하며 갈등은 봉합되는 듯했으나 뚜껑을 열고 보니 내부 이탈표가 발생하며 의외의 결과가 나온 것이다.    동래구의회 관계자는 ""기초의회 의장과 부의장을 야당이 갖게 되면서 구정을 견제할 수 있는 토대가 마련된 것으로 본다""고 밝혔다.    ready@yna.co.kr
		",['연합뉴스'],https://n.news.naver.com/mnews/article/001/0014777241,https://mimgnews.pstatic.net/image/upload/office_logo/001/2020/09/15/logo_001_6_20200915184213.png
정치_행정,"['북, 김정은 주재 당 전원회의…북러조약 후속조치 논의 전망']",['2024.06.29. 오전 8:24'],"
			28일 제8기 제10차전원회의 확대회의 개최김정은 노동당 총비서 주재로 5개 안건 논의오늘 2일차 회의 진행…김정은 '대남 메시지' 주목
	
		
	
[서울=뉴시스] 김정은 국무위원장이 지난 28일 노동당 중앙위원회 전원회의 3일 차에서 경공업 발전 방안과 2024년도 예산안을 논의했다고 조선중앙TV가 29일 보도했다. (사진=조선중앙TV 캡처) 2023.12.29. photo@newsis.com *재판매 및 DB 금지[서울=뉴시스] 옥승욱 기자 = 북한이 지난 28일부터 상반기 사업을 결산하는 노동당 전원회의에 돌입했다. 이달 중순 북러 정상이 조약을 체결하고 군사협력을 약속한 만큼, 이와 관련된 논의가 진행될 수 있다는 관측이 제기된다. 29일 북한 대외매체 조선중앙통신은 ""2024년도 당 및 국가정책방향과 제반 과업들의 성공적집행을 도모하는 조선로동당 중앙위원회 제8기 제10차전원회의 확대회의가 6월 28일에 소집됐다""고 보도했다. 통신은 ""전원회의에서는 상반년기간의 사업정형을 총화하고 우리식 사회주의의 전면적발전국면을 계속 상승시켜나가는데서 당면하게 제기되는 일련의 중요문제들을 토의결정하게 된다""고 전했다. 그러면서 ""전원회의에 상정된 5개의 의정들은 당중앙위원회 위원들의 전원찬성으로 승인되였다""고 덧붙였다. 이번 전원회의는 김정은 노동당 총비서이 직접 주재한다. 통신은 ""조선로동당 중앙위원회 정치국은 김정은동지께 전원회의 사회를 위임하였다""고 밝혔다.회의에는 당 중앙위원회 정치국 상무위원회 위원들과 정치국 위원, 후보위원들, 당 중앙위원회 위원, 후보위원들도 자리했다. 해당 부서 일꾼들과 성, 중앙기관, 도급 지도적기관 책임일꾼들, 시, 군당책임비서들, 주요공장 기업소 책임일꾼들이 방청했다.통신은 ""전체 참가자들의 높은 정치적열의속에 의정토의가 진행되고 있다""고 보도했다. 다만 이날 상정된 5개 안건이 무엇인지에 대해서는 언급하지 않았다. 당 전원회의는 노동당 중심 통치를 하는 북한에서 당 대회가 열리지 않는 기간 대내외 주요 문제를 논의·의결하는 회의체다. 김 총비서 집권 이후 북한은 매년 6월과 12월 두차례 전원회의를 열고 있다. 통상 3~4일 일정으로, 이날 역시 2일차 회의가 개최될 것으로 예상된다. 이번 회의에서는 무엇보다 북러조약 후속조치에 대한 논의가 있을지 주목된다. 이달 19일 블라디미르 푸틴 러시아 대통령은 24년 만에 북한을 방문해 북러 정상회담을 가졌다. 양측은 이번 회담을 통해 총 23조로 이뤄진 북러 '포괄적인 전략적동반자관계에 관한 조약'을 체결했다. 이 가운데 전문 8조에는 ""전쟁을 방지하고 지역적 및 국제적 평화와 안전을 보장하기 위한 방위능력을 강화할 목적 밑에 공동조치들을 취하기 위한 제도들을 마련한다""는 내용이 포함됐다. 이에 따라 이번 전원회의에서 러시아와 협력을 염두에 둔 새로운 군사정책이 수립될 수 있다는 관측이 제기된다. 이 외에도 북러조약에는 경제협력 등도 담겼는데 이와 관련된 후속조치가 논의될 가능성도 커 보인다. 김 총비서가 대남 메시지를 낼 지도 관심이다. 북한은 지난해 12월 26~30일 닷새간 열린 제8기 제9차 전원회의에서 남북관계를 동족이 아닌 '적대적 두 국가 관계'로 규정하는 대남 노선의 근본적 방향 전환을 선언한 바 있다． 
		",['뉴시스'],https://n.news.naver.com/mnews/article/003/0012636658,https://mimgnews.pstatic.net/image/upload/office_logo/003/2019/01/23/logo_003_6_20190123191323.jpg
정치_행정,['“신생아가 50만원에 거래된다고?”...여자들은 중국에 끌려갈까 전전긍긍 [신짜오 베트남]'],['2024.06.29. 오전 8:01'],"
			
	
		
	
 베트남 거리에 있는 한 웨딩샵. (사진은 기사내용과 무관) <게티이미지뱅크>최근 베트남 국회에서는 인신매매에 대한 새로운 법안을 통과시키기 위해 고심을 거듭하고 있습니다.현 법률 체계에서는 태아를 사고파는 행위를 처리할 법적 근거가 없어 보완을 검토할 필요가 있다는 것입니다.베트남 국회가 검토하는 자료를 보면 상황이 꽤나 심각해 보입니다. 공안부 보고서에 따르면 지난 2018년부터 5년간 394건의 인신매매 사건이 적발됐습니다.2012년부터 2020년까지 인신매매는 주로 해외에서 벌어졌습니다. 사건의 80%가 해외에서 벌어졌습니다. 주로 접경지인 중국에 나가있는 여성을 상대로 신체를 감금하고 강제결혼을 시키는 스토리가 주류였습니다.하지만 점점 국내로 불이 옮겨 붙고 있고 지난 2022년 기준으로는 인신매매의 45%가 베트남 국내에서 벌어지는 것으로 나타났습니다.특히 최근 유행하는 것이 태아를 사고 파는 행위입니다. 외신에 따르면 베트남 남부 빈즈엉성 검찰은 최근 신생아 인신매매를 주도한 브로커에게 징역 20년 형을 구형했습니다. 아이를 낳자마자 브로커에게 팔아넘긴 산모 8명과 이들에게 아기를 산 사람 등 총 12명이 기소됐습니다.범죄는 소셜미디어를 통해 이뤄졌는데 신생아 1명당 사들이는 값은 한국 돈으로 50만~160만원. 파는 가격은 약 220만원 정도였습니다. 아이 하나당 60만~170만원의 이득을 남기며 브로커는 ‘아기 장사’를 해왔던 것입니다.아기 거래를 합법적 입양으로 꾸미기 위해 가짜 출생증명서와 입양 동의서가 암암리에 거래됐고 이들이 불법으로 거래한 아이들의 숫자는 줄잡아 10명에 달하고 있습니다. 브로커들은 사실관계는 인정했지만, 법에 대해 잘 몰라 합의된 거래라 문제가 없었다는 주장입니다.산모들 역시 극심한 생활고 속에 또 아이가 나와 키울 수 없었기에 아이를 거래했다는 입장입니다. 혼외 관계에서 예상치 못하게 임신을 한 산모도 있었습니다.문제의 심각함을 인식한 베트남 입법부가 신속하게 움직이는 이유입니다. 현행 베트남 형법은 아기가 태어나기 전 사고 파는 경우에 대해 뚜렷한 규정을 해놓고 있지 않습니다. 최근 들어 태아 매매가 태어나기 전 아기를 ‘입도선매’하는 식으로 이뤄지는 일이 많은데, 이 단계에서 범죄 혐의가 포착돼 기소한다고 해도 뚜렷하게 적용할 법률이 없다는 게 문제의 포인트 입니다.베트남 여성들이 중국으로 팔려나가는 일도 심심찮게 벌어지고 있습니다. 지난 2022년 비극적인 스토리로 널리 알려진 54세의 베트남 여성 사연은 사태의 심각성을 짐작하게 합니다. 실종 당시 27세였던 이 여성은 54세가 되어 고향으로 돌아올 수 있었습니다. 1995년 친오빠와 지내던 중 실종되었던 그는 중국 공안이 불법 체류자 단속 중 그를 발견하고 베트남으로 송환하면서 고향으로 돌아올 수 있었습니다.
	
		
	
 베트남 웨딩 촬영(사진은 기사내용과 무관). <게티이미지뱅크>그는 “어떤 사람에게 속아서 중국으로 끌려갔고, 그곳에서 나이 많은 중국 남자와 강제로 결혼했다”고 말했습니다. 그 사이 남편은 이미 사망했고 남은 것은 자식뿐입니다. 그는 사회 복지 센터에서 가족과 재회했지만, 중국에 남겨둔 자식들과 떨어질 수 없어 다시 중국행을 결심했습니다.중국 사회과학원에 따르면 2020년 기준으로 무려 4000만 명의 중국 남성들이 아내를 찾기 위해 해외로 눈을 돌리는 형편입니다. 중국의 ‘한 자녀 정책’과 ‘남아 선호 사상’이 덕분에 중국 농촌에는 결혼할 짝이 없는 남성들이 넘쳐나는 형국입니다. 이들이 베트남 등 국경을 접한 국가의 저소득층 여성을 상대로 눈을 돌리고 있고, 이 과정에서 사기나 유괴, 납치 등 범죄가 이뤄지고 있다는 상황입니다.실제 지난해에는 베트남 10대 2명이 강제로 중국에 끌려가 결혼 당하기 직전인 상황에서 구출된 사례도 있었습니다. 베트남 20대 여성 2명이 15세와 14세 어린 소녀를 중국에 팔아넘기려 한다는 정보가 베트남 공안에 입수된 것입니다. 조사 결과 용의자들은 10대 소녀들 가정환경이 풍족하지 않다는 점을 악용해 식당에 취업시켜주겠다고 이들을 속였습니다. 그리고 중국 국경 부근 숙소를 잡아 국경을 넘을 날만 호시탐탐 기다렸지만 공안의 수사망에 포착됐습니다.베트남이 국회 차원에서 인신매매에 대한 척결 분위기를 조성하는 것은 미국과의 관계도 영향을 미친 것으로 보입니다. 지난 2022년 미국 국무부는 ‘2022년 인신매매 보고서’를 통해 베트남을 최하위인 3등급으로 분류했습니다. 3등급 국가는 북한을 비롯해 중국, 러시아 등 총 22개국입니다. 이에 대해 베트남은 “인권을 강조하는 베트남의 노력이 제대로 반영되지 않았다”고 불만을 표시했습니다. 지난 2023년 나온 보고서에서 베트남은 ‘2등급 관찰 대상’ 국가로 한 단계 올라섰습니다. 미국과 손잡고 대대적인 투자를 이끌어내려는 베트남 입장에서 ‘최악의 인신매매 국가’라는 타이틀은 정말 피하고 싶은 상처일 것입니다.
		",['매일경제'],https://n.news.naver.com/mnews/article/009/0005326703,https://mimgnews.pstatic.net/image/upload/office_logo/009/2018/10/05/logo_009_6_20181005175405.png
정치_행정,"['김해시·거제시의회 후반기 의장단 선거 갈등…""협치 필요""']",['2024.06.29. 오전 8:01'],"
			김해시의회 국힘 독식 움직임, 민주 반발…거제선 두당 합의 틀어져 갈등 
	
		
	
김해시의회 전경[김해시의회 제공. 재판매 및 DB 금지](창원=연합뉴스) 김선경 기자 = 경남 일부 기초의회가 후반기 원 구성을 둘러싸고 갈등을 빚고 있다.    29일 도내 기초의회에 따르면 김해시의회에서는 의장단 및 상임위원장 선거와 관련해 최근 공개적인 갈등이 불거졌다.    김해시의회는 국민의힘 15명(60%), 더불어민주당 10명(40%)으로 구성돼 있다.    민주당은 의장단 선거 하루 전인 지난 24일 기자회견을 열고 국민의힘이 의장단뿐만 아니라 상임위원장을 포함한 6석 모두에 후보를 냈다며 비판했다.    민주당은 의석수에 비례해 상임위원장 자리를 나눠야 한다고 주장했지만, 국민의힘은 받아들이지 않았다.    두 당간 갈등이 이어지는 가운데 지난 25일 열린 후반기 의장단 선거에서는 결국 국민의힘 안선환 의원, 같은 당 허윤옥 의원이 의장, 부의장에 각각 선출했다.    오는 7월 1일 오후 2시로 예정된 나머지 상임위원장 4석에 대한 선거도 현재 분위기대로라면 국민의힘이 독차지하는 것으로 결론 날 것으로 예상된다.     민주당은 국민의힘이 전반기 때는 '협치'에 응해 민주당이 부의장 및 상임위원장 1석을 맡은 바 있다며 국민의힘을 압박하고 있지만, 후반기 원 구성 마무리를 앞둔 현재까지 두 당간 공식 교섭은 이뤄지지 않고 있다.    민주당은 지난 28일 의원총회를 열고 상임위원장 선거 대응 방안 등을 논의했지만 뚜렷한 결론을 내지 못했다.    민주당은 1일 상임위원장 선거가 열리기 직전 다시 의원총회를 열고 당일 선거에 참여할지 등에 대해 결론을 낼 계획이다.     7월 18일∼19일 차례로 후반기 의장단과 상임위원장 선출을 앞둔 거제시의회 역시 분위기가 심상치 않다.    거제시의회는 현재 국민의힘과 민주당이 각각 7명으로 동수이고, 무소속이 2명이다.    전반기에는 국민의힘과 민주당이 8명씩이었는데, 이후 두 당에서 1명씩 탈당하면서 무소속 의원이 생겼다.
	
		
	
거제시의회[거제시의회 제공. 재판매 및 DB 금지]거제시의회는 2022년 전반기 당시 원 구성 협상을 하면서 후반기 의장단·상임위원장 배분에 대해서도 합의했지만, 최근 이 합의가 틀어지며 갈등이 불거졌다.    당시 작성된 합의문에 따라 전반기 때는 국민의힘이 의장과 의회운영위원장, 행정복지위원장을 맡고, 민주당은 부의장과 경제관광위원장을 맡았다.    합의대로라면 후반기 들어서는 반대로 민주당이 의장과 상임위원장 2석을 맡아야 하지만, 국민의힘은 이 합의문을 받아들일 수 없다는 입장을 최근 공식화했다.    국민의힘 윤부원 현 의장은 ""전반기 때는 원 구성이 늦어지면서 비판을 많이 받아 빨리 안하면 안 되겠다는 생각에 합의서를 써줬다""며 ""그런데 지금은 무소속 의원 2명이 생긴 상황인 만큼 그 사람들의 자유권까지 박탈하면 안 된다""고 말했다.    민주당은 ""기존에 합의된 내용은 정치적 신의이자 시민과의 약속인데 이를 파기한다면 의회 파행을 불러올 뿐""이라며 강하게 반발하고 있다.    민주당은 의장단 선거로 인해 의회 운영에도 파행이 빚어질 수 있다고 경고했지만, 국민의힘 측은 현재까지는 원 구성과 관련해 물러서지 않겠다는 입장을 고수한다.    이처럼 일부 기초의회에서 해마다 되풀이돼온 의장단·상임위원장 선거를 둘러싼 정당 간 갈등이 또다시 수면 위로 떠오른 가운데 다수당의 독식 움직임과 협치 실종에 대해서는 비판의 목소리가 나온다.    조재욱 경남대 정치외교학과 교수는 ""원 구성 과정에서 공생·협치 정신을 보이지 않는다면 향후 의회 운영에 있어서 파열음과 잡음이 계속 나올 수밖에 없다""고 우려했다.    그러면서 ""다수당인 여당이 의장단·상임위원장 자리를 다 차지해버린다면 집행부 견제가 잘 될 수 있겠는가""라며 ""집행부에 힘을 실어줄 수밖에 없을 것""이라고도 덧붙였다.     ksk@yna.co.kr
		",['연합뉴스'],https://n.news.naver.com/mnews/article/001/0014777207,https://mimgnews.pstatic.net/image/upload/office_logo/001/2020/09/15/logo_001_6_20200915184213.png
정치_행정,['김성제 의왕시장 “시민들이 체감할 수 있는 다양한 교육정책 펼쳐나가겠다”'],['2024.06.29. 오전 7:46'],"
			초·중학생들 수학 상담·체험프로그램 운영 ‘의왕수학클리닉센터’개소
	
		
	
[헤럴드경제=박준환 기자]의왕시(시장 김성제)가 28일 오전생활문화센터(의왕시 오전동길61, 오전커뮤니티센터 4층)에서 관내 초·중학생들의 수학 상담 및 체험프로그램 운영을 위한 ‘의왕수학클리닉센터’개소식을 진행했다.이날 개소식에는 김성제 시장과 내빈, 학부모 및 관계자 등 30여명이 참석했다.‘수학클리닉’은 수학에 관심이 있는 학생뿐만 아니라, 수학에 흥미와 자신감이 떨어진 학생들이 수학 과목에 자신감을 가질 수 있도록 현직 교사들이 1:1 컨설팅을 해주는 ‘상담프로그램’과 수학 관련 교구재들을 활용해 직접 만들고 체험하며 수학의 원리를 이해하고 해석할 수 있는 ‘체험프로그램’으로 나눠 진행한다.김성제 시장은 “교육 으뜸도시 의왕시의 더 높은 도약을 위한 수학클리닉센터 개소를 기쁘게 생각한다”면서 “학생들이 수학 과목에 자신감을 가질 수 있도록 수학클리닉센터 운영에 관심과 지원을 아끼지 않을 것이며, 시민들이 체감할 수 있는 다양한 교육정책을 지속적으로 펼쳐나가겠다”고 말했다.의왕수학클리닉센터는 7월 6일부터 매주 토요일 상담 및 체험 프로그램이 진행되며, 자세한 프로그램 일정 및 내용은 의왕시청 또는 의왕수학클리닉센터 누리집을 확인하면 된다.
		",['헤럴드경제'],https://n.news.naver.com/mnews/article/016/0002328604,https://mimgnews.pstatic.net/image/upload/office_logo/016/2019/01/22/logo_016_6_20190122142922.png
정치_행정,"[""'군사동맹' 복원한 북한, 우크라이나 '전쟁터'에 군사 파견할까""]",['2024.06.29. 오전 7:31'],"
			北 군부 고위급 인사들 잇따라 러시아와 연대 강조 담화 발표 ""러시아 군대와 언제나 함께 있을 것""미 정부 ""북한군, 우크라이나 불법 전쟁에 보내면 '총알받이' 될 것""…국정원도 파병 가능성 예의주시전문가들 ""러시아에 인부 아닌 군인으로 가는 건 다른 차원의 문제…민심 요동칠 요소 될 것""
	
		
	
지난 19일 블라디미르 푸틴 러시아 대통령이 평양 방문일정을 마치고 전용기로 평양을 출발하기 전 김정은 북한 국무위원장과 인사하고 있다. 연합뉴스북한과 러시아가 동맹에 가까운 조약을 맺으며 이전보다 밀접한 관계를 이어가고 있는 가운데 일부에서는 북한이 우크라이나와 전쟁중인 러시아에 군 병력 등을 파병할 수 있다는 가능성도 조심스럽게 나오고 있다.북러 조약 발표 후 5일 뒤인 24일, 북한 박정천 노동당 중앙군사위원회 부위원장이 조선중앙통신을 통해 담화를 공개했다.북한은 미국이 우크라이나가 러시아 본토를 공격할 때 미국산 무기를 사용할 수 있게 추가로 허용한 점을 강하게 비판했다. 박정천은 ""러시아가 자국의 안전수호를 위해 전략적 반격을 가하는 것은 응당한 자위적 권리""라며 러시아를 옹호했다.주목되는 점은 이 부분이다. 그는 ""우리는 정의의 투쟁을 벌리고 있는 러시아 군대와 인민과 언제나 함께 있을 것""이라고 말했다.박정천 부위원장에 이어 강순남 국방상도 지난 27일 러시아 군대와 함께 하겠다는 담화를 발표했다.북한 군부의 고위급 인사가 연달아 러시아와의 연대를 강조하는 담화를 발표하면서 우크라이나 전쟁을 둘러싸고 양국이 군사협력을 확대하기 위한 명분을 쌓은 것 아니냐는 관측도 나온다.  
	
		
	
지난 19일 북한과 러시아는 '어느 한 쪽이 침공을 받을 경우 지체없이 자기가 보유하고 있는 모든 수단으로 군사적 및 기타 원조를 제공한다'는 내용이 포함된 조약을 체결했다. 연합뉴스앞서 지난 19일 북한과 러시아는 '어느 한 쪽이 침공을 받을 경우 지체없이 자기가 보유하고 있는 모든 수단으로 군사적 및 기타 원조를 제공한다'는 내용이 포함된 조약을 체결해 사실상 냉전 시기 군사동맹이 부활했다는 평가를 받고 있다.미국은 북러 조약 후 북한이 러시아를 위해 우크라이나에 병력을 파병할 가능성을 주시하고 있다고 밝혔다.팻 라이더 국방부 대변인은 러시아군의 사상자를 언급한 뒤 ""만약 내가 북한의 인사관리자라면 나는 군을 총알받이(cannon fodder) 및 우크라이나에 대한 불법 전쟁에 보내는 선택에 의문을 제기할 것""이라고 말했다.우리 정부도 북한의 파병 가능성을 예의주시하고 있다. 국가정보원은 북러 조약 체결에 따른 북한과 러시아의 군사 협력 동향을 면밀히 주시하고 있다고 전했다. 러시아가 점령하거나 병합해 자국 영토로 선언한 도네츠크, 헤르손, 자포리자 등에 북한군이 투입될 가능성도 거론된다.하지만 실제로 북한이 러시아에 군 병력을 파병할 가능성은 낮다는 게 전문가들의 분석이다.임을출 경남대 극동문제연구소 교수는 ""북한이 우크라이나 전투에 직접 참가할 가능성이 거의 제로""라고 선을 그었다. 임 교수는 그 이유로 '민심'을 꼽았다.그는 ""북한이 가장 신경 쓰는 부분이 민심인데 러시아 전쟁에 갔다가 총알받이가 됐다고 소문이 날 경우 민심을 흔드는 요소가 될 수 있다""고 지적했다. 이어 ""북한 주민이 러시아에 근로자 신분으로 가는 건 익숙하지만, 군인으로 가서 죽을 수도 있는 상황이라면 이는 차원이 다른 이야기""라고 말했다.파병 대신 현재까지 이어온 무기 거래를 지속하거나 건설 인부를 지원할 가능성은 있다는 게 임 교수의 분석이다. 지난 1970년대 베트남 전쟁 당시 북한이 수백 명의 공군 조종사를 북베트남에 지원한 사례처럼, 군사 기술 지원 수준의 협력 가능성이 제기된다.고유환 동국대 북한학과 교수는 ""베트남 전쟁 때와 같이 일반 병력이 아니라 조종사를 일부 파병하거나 군사 기술 지원 등 소규모 지원은 가능할 수 있지만 지상군의 대규모 파병은 쉽지 않을 것""이라고 말했다.한편 임박한 노동당 중앙위원회 전원회의에서 북러 군사 협력 단계화에 착수할 가능성도 있다. 북러조약 이행을 위한 후속 조치가 나올 지 관심이 쏠린다.전원회의는 당대회가 열리지 않는 기간에 당 내외 문제들을 논의·의결하는 기구로, 북한은 지난달 24일 김정은 국무위원장 사회로 당 정치국 회의를 열어 이달 하순 전원회의 소집을 의결했다.※CBS노컷뉴스는 여러분의 제보로 함께 세상을 바꿉니다. 각종 비리와 부당대우, 사건사고와 미담 등 모든 얘깃거리를 알려주세요.이메일 : jebo@cbs.co.kr카카오톡 : @노컷뉴스사이트 : https://url.kr/b71afn
		",['노컷뉴스'],https://n.news.naver.com/mnews/article/079/0003910668,https://mimgnews.pstatic.net/image/upload/office_logo/079/2020/09/15/logo_079_6_20200915155310.png
정치_행정,"[""[민통선 사람들] ② '최전방 기차역' 홀로 지키는 도라산역 부역장""]",['2024.06.29. 오전 7:15'],"
			2002년 개통한 도라산역, 개성공단 폐쇄 등으로 운영 멈춰 금성민 부역장 ""미래세대 위해 잘 관리해놓고 싶다"" 편집자 주 = 비무장지대(DMZ) 남쪽에 '민간인출입통제선'(민통선)이 설정된 지 올해로 70년이 됐습니다. 민통선을 넘는 것은 군사적인 목적에서 엄격히 통제되고 있습니다. 연합뉴스는 민통선을 넘나들며 생활하는 사람들을 소개하는 기획 기사 10꼭지를 매주 토요일 송고합니다. (파주=연합뉴스) 심민규 기자 = ""열차가 안 다니니까 사실 사람이 필요 없어요. 문을 닫아도 아무 이상이 없죠.""
	
		
	
금성민 도라산역 부역장[촬영 임병식]경기 파주시 장단면 '민간인출입통제선'(민통선) 내부에 위치한 대한민국 최전방 철도역인 도라산역.    2000년 6월 남북공동선언의 후속 조치로 남북이 경의선 철도를 연결하기로 한 데 따라 2002년 4월 개통된 역이다.    '북쪽으로 가는 첫 번째 역'이자 국제 철도역이 될 수 있다는 점에서 9개의 선로로 서울역과 용산역 규모로 지어졌지만, 현재 역을 지키는 사람은 금성민(51) 한국철도공사 부역장 한명 뿐이다.     지난 12일 방문한 도라산역은 열차 운행 정보를 알리는 전광판은 꺼져있었고 승강장으로 가는 길은 철문이 막고 있었다.    개성공단 폐쇄 전까지 안보 관광을 하러 온 관광객들과 개성공단으로 가는 화물 열차로 활기가 넘쳤던 모습은 떠올릴 수조차 없었다.
	
		
	
썰렁한 도라산역 대합실[촬영 임병식]""DMZ 평화열차가 임진강역에서 도라산역까지 하루 한 차례 운행했기 때문에 그때까지도 관광객들이 있었는데, 아프리카돼지열병(ASF)과 코로나19 확산으로 그마저도 멈춘 상황이에요.""    이용객이 줄면서 관리역(다른 역을 관리·지휘 통솔하는 대표역)이었던 도라산역은 문산역에 기능을 이전하고 보통역으로 격하됐다.     역무실을 지키던 역장과 직원들은 하나둘씩 빠져나갔고, 코레일은 시설물 관리 차원에서 관리자급인 부역장 한명만 남겨뒀다.    2013년부터 도라산역에서 여러 차례 근무했던 금 부역장은 지난달부터 다시 이곳으로 출근하고 있다.    코레일 내에서 베테랑으로 꼽히는 금 부역장은 ""전쟁 위험 등으로 인해 일반 직원들은 여기서 근무하는 것을 꺼린다""며 ""저는 ROTC 출신이고 그동안 근무 경험도 있어서 민통선 내 생활하는 게 익숙하다""고 말했다.
	
		
	
평양 가는 기차표[촬영 임병식]그는 매일 아침 통일부 버스를 이용해 통일대교를 넘고 고요한 대합실을 지나 역무실에 도착한다.     근무 시간은 평일 오전 9시부터 오후 6시까지로 ""일반 직장인들과 다를 게 없이 오자마자 PC부터 켜서 업무 메일, 공문 등을 확인하며 근무를 시작한다""고 했다.     열차 운행이 멈췄지만 신호체계와 선로를 점검하고 하루 세 차례 순회하는 것이 주 업무다. 점심 식사는 도시락을 미리 싸 오거나 컵라면으로 대충 때운다.     그렇다고 조용히 관리만 하지 않는다. 새로운 사업을 추진해 먼지만 쌓인 오래된 역에 숨을 불어 넣는 일도 하고 있다.    코로나19 당시에는 디젤 기관차만 다닐 수밖에 없는 역에 전동열차가 오갈 수 있는 전차선을 설치하도록 사업을 추진했다.     현재 공사가 완료돼 29일부터 월 2회 광명역을 출발하는 전철이 이곳까지 운행된다.
	
		
	
비무장지대 남방한계선 넘어 이어진 경의선 철로[연합뉴스 자료사진]도라산역은 서울역에서는 56km나 떨어졌지만 북한 개성역까지는 17km 거리여서 10분도 채 걸리지 않는다. 금 부역장은 도라산역을 유라시아 대륙으로 나갈 수 있는 출발점이라고 평가한다.     그는 ""이전에는 어린 학생들에게 여기서 기차를 타면 수학여행으로 유럽까지 갈 수 있다고 말했다""며 ""시베리아 횡단 철도 관광 상품이 있어서 KTX로 이틀이면 갈 수 있으니 '너희가 나이가 들면 가능하지 않을까' 이런 얘기도 해줬다""고 회상했다.    2020년 유엔군사령부 허가를 받고 서부전선 비무장지대(DMZ)에 들어가 군사분계선까지 선로 정비 작업을 한 것을 금 부역장은 잊지 못한다. 관리가 되지 않아 나무와 수풀이 뒤덮은 북한 측 선로를 보며 남북 간 대립 상황을 몸소 느꼈다.    그는 ""최근 남북 상황이 더 안 좋아지면서 북한이 개성역까지 연결된 철로를 뜯고 있다는 이야기를 들을 때면 제가 어떻게 할 수 있는 상황이 아니어서 안타깝다""고 전했다.
	
		
	
도라산역 앞에 만들어진 시비[촬영 임병식]금 부역장은 은퇴할 때까지도 도라산역을 지키고 싶다고 했다. ""제가 근무하는 동안 북한으로 가는 열차가 운행되기 어렵지만 향후 미래세대가 갈 가능성을 위해 잘 관리하고 싶은 게 소망""이라고도 했다.    과거 역을 방문했던 어르신들의 ""평양 기차표 달라""는 우스갯소리도 들어본 지 오래됐다는 금 부역장.    고 문익환 목사의 시에서 발췌해 도라산역 정문 앞에 만들어진 시비 '평양 가는 기차표를 내놓으라고'는 다시 우스갯소리를 듣고 싶은 금 부역장의 바람을 대신하고 있었다.    wildboar@yna.co.kr
		",['연합뉴스'],https://n.news.naver.com/mnews/article/001/0014777189,https://mimgnews.pstatic.net/image/upload/office_logo/001/2020/09/15/logo_001_6_20200915184213.png
정치_행정,"['통영시의회, 후반기 의장에 배도수 의원 당선…부의장에 신철기 의원']",['2024.06.29. 오전 6:16'],"
			28일 임시회 열어 후반기 의장단 및 상임위원회 위원 구성
	
		
	
[통영=뉴시스] 신정철 기자= 통영시의회는 27~28일, 제231회 임시회를 개회하여 제9대 통영시의회 후반기 원구성을 마무리했다.사진은 의장에 당선된 배도수 의원의 정견발표 모습.(사진=통영시의회 제공).2024.06.28. photo@newsis.com *재판매 및 DB 금지[통영=뉴시스] 신정철 기자 = 통영시의회는 28일, 제231회 임시회를 개회하여 제9대 통영시의회 후반기 원구성을 마무리했다.이번 회기는 지방자치법 제54조 및 통영시의회 회기의 운영 등에 관한 조례 제4조에 따라 재적의원 1/3이상 의원이 후반기 원구성을 위한 임시회 소집을 요구함에 따라 의회운영위원회 의사일정 협의 후 집회공고를 거쳐 의장단 선거를 실시했다.27일. 제1차 본회의에서 의장, 부의장 선거를 실시한 결과, 의장에는 배도수 의원, 부의장에는 신철기 의원이 당선됐다.28일, 제2차 본회의에서는 상임위원 위원 선임 후 위원장 선거를 실시한 결과, 기획총무위원회 위원장에는 김태균 의원, 산업건설위원회 위원장에는 노성진 의원, 의회운영위원회 위원장에는 김희자 의원이 당선됐다.또 상임위원회 위원 선임에서는 ▲기획총무위원회 김태균, 김희자, 배윤주, 신철기, 정광호, 조필규 의원을, ▲산업건설위원회 김미옥, 김혜경, 노성진, 박상준, 전병일, 최미선 의원을, ▲의회운영위원회는 김희자, 박상준, 신철기, 전병일, 조필규 의원이 선임됐다.
	
		
	
[통영=뉴시스] 신정철 기자= 통영시의회는 27~28일, 제231회 임시회를 개회하여 제9대 통영시의회 후반기 원구성을 마무리했다.사진은 부의장 선거에서 당선된 신철기 의원의 정견발표 모습.(사진=통영시의회 제공).2024.06.28. photo@newsis.com *재판매 및 DB 금지 후반기 의장으로 당선된 배도수 의원은 “3선 의원으로서 의회운영위원장과 부의장으로 지낸 경험을 바탕으로 의원 간 존중과 신뢰를 통해 존경받는 의회가 되도록 혼신의 힘을 다할 것”이라고 포부를 밝혔다. 한편 통영시의회는 오는 8월 30일부터 13일간 제232회 임시회를 개회해 후반기 첫 임시회를 개회할 예정이다. 
		",['뉴시스'],https://n.news.naver.com/mnews/article/003/0012636609,https://mimgnews.pstatic.net/image/upload/office_logo/003/2019/01/23/logo_003_6_20190123191323.jpg
정치_행정,['[오늘의 주요일정]정치(6월29일 토요일)'],['2024.06.29. 오전 5:00'],"
			[서울=뉴시스]  ◇대통령실【대통령】 공식일정 없음◇총리실【총리】 공개일정 없음◇국방부【장관】 통상일정◇외교부【장관】 통상일정◇통일부【장관】 통상일정◇국민의힘【비상대책위원장】 10:25 제2연평해전 승전 22주년 기념식 (해군 제2함대)◇더불어민주당【당대표 직무대행 겸 원내대표】 17:00 해병대원 순직 및 수사외압 사건 특검법, 국정조사 촉구 범국민 집회(한강진역 2번 출구)◇조국혁신당【당대표】 10:25 제2연평해전 승전 기념식(평택 해군2함대사령부 충무동산) 【원내대표】 공식일정 없음◇개혁신당【당대표】 17:00 해병대원 순직 및 수사외압 사건 특검, 국정조사 촉구 범국민집회(한강진역 2번 출구) 【원내대표】 통상업무◇진보당【상임대표】 15:00 화성 아리셀공장 화재 사고 추모 분향소 조문(화성시청 분향소) 17:00 이주노동자 노동조합 후원행사 참석 (남영역 슘)  【원내대표】 09:30 제1회 북구체육회장배 국학기공대회 15:00  화성 아리셀공장 화재 사고 추모 분향소 조문(화성시청 분향소) 17:00 채해병 순직사건 국정조사 촉구 집회(용산 한강진역 2번 출구)
		",['뉴시스'],https://n.news.naver.com/mnews/article/003/0012636579,https://mimgnews.pstatic.net/image/upload/office_logo/003/2019/01/23/logo_003_6_20190123191323.jpg
정치_행정,"['""트럼프 측, 韓·日에 \'재집권 시에도 한미일 협력 계속\' 강조""']",['2024.06.29. 오전 2:39'],"
			로이터통신 보도…""트럼프, 동맹과 협력해야 한다는 것 안다""트럼프 캠프 ""누구도 트럼프 대신해 외국 정부에 약속 불가"" 부인
	
		
	
토론하는 트럼프 전 미국 대통령[AP 연합뉴스 자료사진. 재판매 및 DB 금지](워싱턴=연합뉴스) 강병철 특파원 = 도널드 트럼프 전 미국 대통령이 재집권시 바이든 정부의 동맹 중시 정책을 폐기할 것이란 우려가 나오는 가운데 트럼프 전 대통령이 한미일 3국 관계를 강화하는 외교 기조를 유지할 것이라고 트럼프 전 대통령 측근들이 한일 양국에 전하고 있다고 로이터통신이 28일(현지시간) 보도했다.    트럼프 전 대통령의 정책 고문 등은 최근 수주간 한일 양국 정부 관리들에게 '트럼프가 재집권하면 한일 양국간 관계 개선을 지원하고 글로벌 긴장을 완화하기 위해 군사, 경제, 외교적 협력을 발전시킬 것'이라는 메시지를 전달했다고 이 매체는 5명의 소식통을 인용해 전했다.    이와 관련, 트럼프 정부에서 국가안전보장회의(NSC) 사무총장 등을 지낸 프레드 플레이츠는 이번 달 일본을 방문해서 아키바 타케오 국가안전보장국장 등 일본 측 정부 인사들을 만났다.    플레이츠는 로이터통신에 ""나는 그들에게 동맹은 강력할 것이며 트럼프 전 대통령은 동맹국의 이익을 지키기 위해 우리가 동맹과 긴밀히 협력해야 한다는 것을 인지하고 있다고 안심시켰다""고 말했다.    그는 그러면서 미국과 한국, 일본 등 3국이 트럼프 2기 정부 때도 중국과 북한에 대응하기 위해 협력할 가능성이 높다고 밝혔다. 다만 그는 자신이 트럼프 전 대통령을 대변하고 있지는 않다고 말했다.    트럼프 전 대통령이 재집권할 경우 시행될 정책을 기획하고 있는 것으로 알려진 헤리티지재단, 미국우선주의정책연구소, 허드슨연구소 등 싱크탱크도 한국, 일본의 고위급 정부 인사들과 이미 진행된 회의를 포함해 10여차례 만날 예정이라고 로이터통신은 보도했다.    이에 대해 한 아시아 국가의 관리는 트럼프 전 대통령 측과의 만남에 대해 자국은 이들이 트럼프 전 대통령의 정책 위치를 대변하는 것으로 보고 있으며 만남을 진지하게 받아들이고 있다고 말했다.    트럼프 2기 정부에서 요직에 기용될 것으로 전망되는 빌 해거티 상원의원(공화·테네시주)도 ""나는 한미일 3국간 경제적 관계를 더 심화시킬수록 3국간 유대도 더 강해질 것이라고 보고 있으며 트럼프 전 대통령도 이런 생각을 공유하고 있다""고 말했다.    이처럼 트럼프 전 대통령 측 인사들이 한일 등 동맹국에 지속적 협력 의지를 표명하는 것은 선거 전략적 측면도 있는 것으로 로이터통신은 분석했다.     조 바이든 대통령과 민주당이 트럼프 전 대통령의 '동맹 홀대·무시'를 공격하는 것에 대한 대응 차원이라는 의미다.    트럼프 전 대통령 측의 이런 움직임에 대해 한국과 일본 등은 환영하고 있다고 로이터 통신은 전했다.    한국 외교부는 성명에서 ""3국 협력은 필요할 뿐만 아니라 자연스러운 일""이라면서 ""이 같은 노력은 이전 미국 정부를 포함해 초당적 지지를 받아왔다""고 밝혔다.    다만 트럼프 대선캠프는 트럼프 전 대통령의 측근이 트럼프 전 대통령을 대변하고 있지 않다는 입장이다.    크리스 라시비타 공동선대위원장은 성명에서 ""누구도 트럼프 전 대통령을 대신해서 외국 정부와 대화하거나 약속할 권한이 없다""고 밝혔다.    앞서 트럼프 전 대통령은 4월 말 공개된 타임지와 인터뷰에서 한국이 방위비를 더 부담하지 않을 경우 주한미군을 철수할 수 있음을 시사한 바 있다.     또 헤리티지재단은 차기 트럼프 정부의 정책 과제를 담은 '프로젝트 2025 보고서'에서 ""한국이 북한에 대한 재래식 방어를 주도할 수 있도록 해야 한다""고 제언한 바 있다.    soleco@yna.co.kr
		",['연합뉴스'],https://n.news.naver.com/mnews/article/001/0014777128,https://mimgnews.pstatic.net/image/upload/office_logo/001/2020/09/15/logo_001_6_20200915184213.png
